,imodulon,kegg_id,pvalue,qvalue,precision,recall,f1score,TP,target_set_size,imodulon_size,pathway_name,module_name
0,2,-,0.0004395138153724785,0.08746324925912322,0.7719298245614035,0.02786573780873971,0.05378973105134474,44.0,1579.0,57.0,,
1,Purine,map00230,3.762770238414196e-06,0.000748791277444425,0.6666666666666666,0.06060606060606061,0.1111111111111111,4.0,66.0,6.0,Purine metabolism,
2,Purine,map00983,7.67960755865632e-05,0.007641209520863038,0.3333333333333333,0.2857142857142857,0.30769230769230765,2.0,7.0,6.0,Drug metabolism - other enzymes,
3,Fur-1,map02010,7.455773426252336e-14,1.4836989118242148e-11,0.38636363636363635,0.15454545454545454,0.22077922077922077,17.0,110.0,44.0,ABC transporters,
4,8,map03010,6.533546967499962e-08,1.3001758465324924e-05,0.21951219512195122,0.15517241379310345,0.18181818181818182,9.0,58.0,41.0,Ribosome,
5,CcpA-1,map00051,0.0003296304538497028,0.06559646031609086,0.4,0.11764705882352941,0.1818181818181818,2.0,17.0,5.0,Fructose and mannose metabolism,
6,WalR-1,map00906,0.00038347122471986395,0.07631077371925292,0.030303030303030304,0.6,0.057692307692307696,3.0,5.0,99.0,Carotenoid biosynthesis,
7,CodY-1,map01230,2.4002537497242563e-09,4.77650496195127e-07,1.0,0.056074766355140186,0.10619469026548672,6.0,107.0,6.0,Biosynthesis of amino acids,
8,CodY-1,map01120,2.1426867694516732e-08,2.1319733356044148e-06,1.0,0.0392156862745098,0.07547169811320754,6.0,153.0,6.0,Microbial metabolism in diverse environments,
9,CodY-1,map00260,1.9139976665149423e-07,1.2696184521215785e-05,0.6666666666666666,0.125,0.21052631578947367,4.0,32.0,6.0,"Glycine, serine and threonine metabolism",
10,CodY-1,map01110,4.343144685427741e-07,2.160714481000301e-05,1.0,0.02390438247011952,0.04669260700389105,6.0,251.0,6.0,Biosynthesis of secondary metabolites,
11,CodY-1,map01100,2.632262647703049e-05,0.0010476405337858134,1.0,0.012121212121212121,0.02395209580838323,6.0,495.0,6.0,Metabolic pathways,
12,CodY-1,map01130,0.00023511010887407828,0.007797818610990263,0.6666666666666666,0.021505376344086023,0.04166666666666667,4.0,186.0,6.0,,
13,CodY-1,map00910,0.0003811180048705484,0.01083464042417702,0.3333333333333333,0.13333333333333333,0.19047619047619044,2.0,15.0,6.0,Nitrogen metabolism,
14,CodY-1,map00300,0.000492715351286712,0.01225629436325696,0.3333333333333333,0.11764705882352941,0.1739130434782609,2.0,17.0,6.0,Lysine biosynthesis,
15,CodY-1,map00250,0.000618358133305793,0.013672585391983644,0.3333333333333333,0.10526315789473684,0.16,2.0,19.0,6.0,"Alanine, aspartate and glutamate metabolism",
16,CodY-1,map00270,0.0009114594329584038,0.018138042715872237,0.3333333333333333,0.08695652173913043,0.13793103448275862,2.0,23.0,6.0,Cysteine and methionine metabolism,
17,CodY-2,map00300,1.2733493865580224e-10,2.5339652792504644e-08,0.375,0.35294117647058826,0.3636363636363636,6.0,17.0,16.0,Lysine biosynthesis,
18,CodY-2,map00261,3.269283289972017e-09,3.252936873522157e-07,0.25,0.8,0.38095238095238093,4.0,5.0,16.0,Monobactam biosynthesis,
19,CodY-2,map01501,1.6422248592817898e-08,1.089342489990254e-06,0.3125,0.29411764705882354,0.30303030303030304,5.0,17.0,16.0,beta-Lactam resistance,
20,CodY-2,map02010,3.724317889796469e-08,1.8528481501737432e-06,0.5,0.07272727272727272,0.12698412698412698,8.0,110.0,16.0,ABC transporters,
21,CodY-2,map01230,7.347072782609717e-07,2.924134967478667e-05,0.4375,0.06542056074766354,0.1138211382113821,7.0,107.0,16.0,Biosynthesis of amino acids,
22,CodY-2,map01120,8.369437760941999e-06,0.0002775863524045763,0.4375,0.0457516339869281,0.08284023668639053,7.0,153.0,16.0,Microbial metabolism in diverse environments,
23,CodY-2,map00260,2.146397033448507e-05,0.000610190013794647,0.25,0.125,0.16666666666666666,4.0,32.0,16.0,"Glycine, serine and threonine metabolism",
24,CodY-2,map02024,2.9001046967902592e-05,0.000721401043326577,0.3125,0.07042253521126761,0.11494252873563218,5.0,71.0,16.0,Quorum sensing,
25,CodY-2,map01110,0.0002124707622559352,0.004697964632103455,0.4375,0.027888446215139442,0.052434456928838954,7.0,251.0,16.0,Biosynthesis of secondary metabolites,
26,CodY-2,map00270,0.00023828656318565308,0.004741902607394496,0.1875,0.13043478260869565,0.15384615384615383,3.0,23.0,16.0,Cysteine and methionine metabolism,
27,CodY-2,map01130,0.0026781932626584568,0.048450950842639354,0.3125,0.026881720430107527,0.04950495049504951,5.0,186.0,16.0,,
28,CodY-2,map01210,0.005800757793982339,0.09619590008354047,0.125,0.09523809523809523,0.1081081081081081,2.0,21.0,16.0,2-Oxocarboxylic acid metabolism,
29,17,map03010,5.285963331307113e-28,1.0519067029301154e-25,0.7037037037037037,0.3275862068965517,0.4470588235294118,19.0,58.0,27.0,Ribosome,
30,22,map05150,9.79985790747934e-06,0.0019501717235883885,0.3076923076923077,0.12121212121212122,0.17391304347826086,4.0,33.0,13.0,Staphylococcus aureus infection,
31,PdxR,map00750,8.809563528909522e-06,0.001753103142252995,0.5,0.5,0.5,2.0,4.0,4.0,Vitamin B6 metabolism,
32,CymR,map02010,2.8000893714105843e-05,0.005572177849107063,0.28,0.06363636363636363,0.1037037037037037,7.0,110.0,25.0,ABC transporters,
33,CymR,map00920,0.00012357372956313205,0.012295586091531639,0.12,0.25,0.16216216216216217,3.0,12.0,25.0,Sulfur metabolism,
34,CymR,map00270,0.00093341966335624,0.06191683766929725,0.12,0.13043478260869565,0.12499999999999997,3.0,23.0,25.0,Cysteine and methionine metabolism,
35,BirA,map00780,6.250710818385545e-11,1.2438914528587235e-08,0.5555555555555556,0.4166666666666667,0.4761904761904762,5.0,12.0,9.0,Biotin metabolism,
36,29,map05150,0.00015721792509269456,0.03128636709344622,0.16,0.12121212121212122,0.1379310344827586,4.0,33.0,25.0,Staphylococcus aureus infection,
37,30,map02010,0.00012914232766345939,0.025699323205028417,0.5,0.03636363636363636,0.06779661016949153,4.0,110.0,8.0,ABC transporters,
38,CggR,map00010,2.9583601090770354e-10,5.8871366170633e-08,0.75,0.13333333333333333,0.22641509433962267,6.0,45.0,8.0,Glycolysis / Gluconeogenesis,
39,CggR,map01200,1.2871631261467787e-06,0.0001280727310516045,0.625,0.056818181818181816,0.10416666666666666,5.0,88.0,8.0,Carbon metabolism,
40,CggR,map00710,2.3524638587643197e-06,0.0001560467692980332,0.375,0.2727272727272727,0.3157894736842105,3.0,11.0,8.0,Carbon fixation in photosynthetic organisms,
41,CggR,map01230,3.433704880542104e-06,0.00017082681780696967,0.625,0.04672897196261682,0.08695652173913043,5.0,107.0,8.0,Biosynthesis of amino acids,
42,CggR,map01120,2.0261380307058023e-05,0.0008064029362209093,0.625,0.032679738562091505,0.062111801242236024,5.0,153.0,8.0,Microbial metabolism in diverse environments,
43,CggR,map01130,5.2813893333464295e-05,0.0017516607955598991,0.625,0.026881720430107527,0.05154639175257732,5.0,186.0,8.0,,
44,CggR,map04066,6.829507041410706e-05,0.001941531287486758,0.25,0.4,0.3076923076923077,2.0,5.0,8.0,HIF-1 signaling pathway,
45,CggR,map01110,0.00022563272818468426,0.005612614113594021,0.625,0.0199203187250996,0.03861003861003861,5.0,251.0,8.0,Biosynthesis of secondary metabolites,
46,CggR,map00680,0.0011451355781105686,0.025320220004889236,0.25,0.10526315789473684,0.14814814814814814,2.0,19.0,8.0,Methane metabolism,
47,AgrA,map02024,4.343412028089217e-07,8.643389935897541e-05,0.625,0.07042253521126761,0.12658227848101267,5.0,71.0,8.0,Quorum sensing,
48,WalR-2,map05150,2.4342017773153576e-05,0.004844061536857561,0.25,0.12121212121212122,0.163265306122449,4.0,33.0,16.0,Staphylococcus aureus infection,
49,WalR-2,map05100,8.788979357632438e-05,0.008745034460844275,0.125,0.6666666666666666,0.21052631578947367,2.0,3.0,16.0,Bacterial invasion of epithelial cells,
50,ArcR,map00220,6.747254505102498e-06,0.001342703646515397,0.5,0.14285714285714285,0.22222222222222224,3.0,21.0,6.0,Arginine biosynthesis,
51,HutR,map00340,1.1856941345798286e-05,0.0023595313278138587,0.3333333333333333,0.1875,0.24000000000000005,3.0,16.0,9.0,Histidine metabolism,
52,BglR,map00051,0.0003296304538497028,0.06075765689291133,0.4,0.11764705882352941,0.1818181818181818,2.0,17.0,5.0,Fructose and mannose metabolism,
53,BglR,map02060,0.0006106297175166968,0.06075765689291133,0.4,0.08695652173913043,0.14285714285714285,2.0,23.0,5.0,Phosphotransferase system (PTS),
54,CcpA-2,map00071,2.9700407551810035e-08,5.910381102810197e-06,0.5714285714285714,0.23529411764705882,0.3333333333333333,4.0,17.0,7.0,Fatty acid degradation,
55,CcpA-2,map00362,7.516694928726066e-07,7.479111454082436e-05,0.42857142857142855,0.3333333333333333,0.375,3.0,9.0,7.0,Benzoate degradation,
56,CcpA-2,map01212,1.0083663786460042e-05,0.0006688830311685162,0.42857142857142855,0.15,0.2222222222222222,3.0,20.0,7.0,Fatty acid metabolism,
57,CcpA-2,map01100,0.00015717893720311503,0.007819652125854972,0.8571428571428571,0.012121212121212121,0.023904382470119525,6.0,495.0,7.0,Metabolic pathways,
58,CcpA-2,map01120,0.00024368925638895586,0.009698832404280443,0.5714285714285714,0.026143790849673203,0.049999999999999996,4.0,153.0,7.0,Microbial metabolism in diverse environments,
59,CcpA-2,map00281,0.0024492652204403547,0.060925472358453824,0.14285714285714285,1.0,0.25,1.0,1.0,7.0,Geraniol degradation,
60,CcpA-2,map00592,0.0024492652204403547,0.060925472358453824,0.14285714285714285,1.0,0.25,1.0,1.0,7.0,alpha-Linolenic acid metabolism,
61,CcpA-2,map00642,0.0024492652204403547,0.060925472358453824,0.14285714285714285,1.0,0.25,1.0,1.0,7.0,Ethylbenzene degradation,
62,Zur,map02010,0.00016765692797737796,0.03336372866749821,0.2608695652173913,0.05454545454545454,0.09022556390977443,6.0,110.0,23.0,ABC transporters,
63,CcpA-3,map00720,2.2660210223139742e-08,4.509381834404808e-06,0.45454545454545453,0.18518518518518517,0.2631578947368421,5.0,27.0,11.0,Carbon fixation pathways in prokaryotes,
64,CcpA-3,map01200,2.9353892870718516e-07,2.9207123406364924e-05,0.5454545454545454,0.06818181818181818,0.12121212121212122,6.0,88.0,11.0,Carbon metabolism,
65,CcpA-3,map00020,1.014704169896303e-06,6.730870993645477e-05,0.36363636363636365,0.17391304347826086,0.2352941176470588,4.0,23.0,11.0,Citrate cycle (TCA cycle),
66,CcpA-3,map01120,7.89980569279296e-06,0.00039301533321644974,0.5454545454545454,0.0392156862745098,0.07317073170731708,6.0,153.0,11.0,Microbial metabolism in diverse environments,
67,CcpA-3,map01210,5.4361414840167355e-05,0.0021635843106386607,0.2727272727272727,0.14285714285714285,0.18749999999999997,3.0,21.0,11.0,2-Oxocarboxylic acid metabolism,
68,CcpA-3,map01130,0.00037052703934976807,0.012289146805100641,0.45454545454545453,0.026881720430107527,0.050761421319796954,5.0,186.0,11.0,,
69,CcpA-3,map01230,0.0005003652117073991,0.01422466816139606,0.36363636363636365,0.037383177570093455,0.06779661016949151,4.0,107.0,11.0,Biosynthesis of amino acids,
70,CcpA-3,map00620,0.0006273366306827022,0.015604998688232216,0.2727272727272727,0.06382978723404255,0.10344827586206895,3.0,47.0,11.0,Pyruvate metabolism,
71,CcpA-3,map00061,0.001376373141907573,0.029672517037101158,0.18181818181818182,0.13333333333333333,0.15384615384615383,2.0,15.0,11.0,Fatty acid biosynthesis,
72,CcpA-3,map01110,0.0014910812581457869,0.029672517037101158,0.45454545454545453,0.0199203187250996,0.03816793893129771,5.0,251.0,11.0,Biosynthesis of secondary metabolites,
73,CcpA-3,map01212,0.002464529213903589,0.04458557396061947,0.18181818181818182,0.1,0.12903225806451613,2.0,20.0,11.0,Fatty acid metabolism,
74,CcpA-3,map00630,0.00416278599194078,0.06372264710740116,0.18181818181818182,0.07692307692307693,0.10810810810810811,2.0,26.0,11.0,Glyoxylate and dicarboxylate metabolism,
75,CcpA-3,map00640,0.00385066055939824,0.06372264710740116,0.18181818181818182,0.08,0.1111111111111111,2.0,25.0,11.0,Propanoate metabolism,
76,CcpA-3,map01100,0.005525290450099523,0.07853805711212894,0.5454545454545454,0.012121212121212121,0.023715415019762848,6.0,495.0,11.0,Metabolic pathways,
77,FMN,map00740,6.793880528939698e-10,1.351982225259e-07,0.6666666666666666,0.4444444444444444,0.5333333333333333,4.0,9.0,6.0,Riboflavin metabolism,
78,FMN,map01110,0.000756465456503886,0.07526831292213666,0.6666666666666666,0.01593625498007968,0.0311284046692607,4.0,251.0,6.0,Biosynthesis of secondary metabolites,
79,SaeR,map05150,2.1057296722133437e-09,4.1904020477045537e-07,0.3181818181818182,0.21212121212121213,0.2545454545454546,7.0,33.0,22.0,Staphylococcus aureus infection,
80,SaeR,map02024,5.49062791709396e-07,5.46317477750849e-05,0.3181818181818182,0.09859154929577464,0.15053763440860216,7.0,71.0,22.0,Quorum sensing,
81,SaeR,map00562,0.0005579235532967271,0.037008929035349566,0.09090909090909091,0.4,0.14814814814814814,2.0,5.0,22.0,Inositol phosphate metabolism,
82,56,map03060,0.0006072286391414439,0.06041924959457367,0.2857142857142857,0.125,0.17391304347826086,2.0,16.0,7.0,Protein export,
83,56,map03070,0.00039608577978861856,0.06041924959457367,0.2857142857142857,0.15384615384615385,0.2,2.0,13.0,7.0,Bacterial secretion system,
84,59,map00660,0.00022931384735996773,0.04563345562463358,0.2857142857142857,0.2,0.23529411764705882,2.0,10.0,7.0,C5-Branched dibasic acid metabolism,
85,59,map00650,0.0009569566178323465,0.09521718347431847,0.2857142857142857,0.1,0.14814814814814817,2.0,20.0,7.0,Butanoate metabolism,
86,WalR-3,map00906,9.687207137143507e-10,1.927754220291558e-07,0.10638297872340426,1.0,0.1923076923076923,5.0,5.0,47.0,Carotenoid biosynthesis,
87,NreC,map00910,1.1192343724859241e-11,2.2272764012469887e-09,0.46153846153846156,0.4,0.42857142857142855,6.0,15.0,13.0,Nitrogen metabolism,
88,NreC,map02020,2.745899243606092e-10,2.7321697473880613e-08,0.6153846153846154,0.10126582278481013,0.17391304347826086,8.0,79.0,13.0,Two-component system,
89,NreC,map01120,2.6816038196020432e-05,0.001778797200336022,0.46153846153846156,0.0392156862745098,0.07228915662650603,6.0,153.0,13.0,Microbial metabolism in diverse environments,
90,66,map00791,2.9330903008408904e-07,5.8368496986733716e-05,0.15,1.0,0.2608695652173913,3.0,3.0,20.0,Atrazine degradation,
91,66,map00220,0.00035991057150118873,0.035811101864368276,0.15,0.14285714285714285,0.14634146341463414,3.0,21.0,20.0,Arginine biosynthesis,
92,CcpA-4,map00500,1.0705607554810338e-07,2.1304159034072574e-05,0.25,0.2631578947368421,0.25641025641025644,5.0,19.0,20.0,Starch and sucrose metabolism,
93,CcpA-4,map02060,0.00047498028560565437,0.04726053841776261,0.15,0.13043478260869565,0.13953488372093023,3.0,23.0,20.0,Phosphotransferase system (PTS),
94,69,map02024,2.9001046967902592e-05,0.005771208346612616,0.3125,0.07042253521126761,0.11494252873563218,5.0,71.0,16.0,Quorum sensing,
95,71,map02020,3.2157251037368493e-06,0.000639929295643633,0.5,0.06329113924050633,0.11235955056179776,5.0,79.0,10.0,Two-component system,
96,CcpA-5,map00330,6.529171599936825e-06,0.0006496525741937141,0.0684931506849315,0.4166666666666667,0.1176470588235294,5.0,12.0,73.0,Arginine and proline metabolism,
97,CcpA-5,map00561,3.2886176520222327e-06,0.0006496525741937141,0.0821917808219178,0.3333333333333333,0.13186813186813187,6.0,18.0,73.0,Glycerolipid metabolism,
98,CcpA-5,map01100,0.00011133167861428106,0.007385001348080644,0.3561643835616438,0.052525252525252523,0.09154929577464788,26.0,495.0,73.0,Metabolic pathways,
99,CcpA-5,map01130,0.0006659046383751131,0.033128755759161875,0.1780821917808219,0.06989247311827956,0.10038610038610038,13.0,186.0,73.0,,
100,CcpA-5,map01200,0.0015329267594987057,0.06101048502804848,0.1095890410958904,0.09090909090909091,0.09937888198757765,8.0,88.0,73.0,Carbon metabolism,
101,CcpA-5,map00710,0.0022772314027064127,0.07552817485642936,0.0410958904109589,0.2727272727272727,0.07142857142857142,3.0,11.0,73.0,Carbon fixation in photosynthetic organisms,
102,PurR,map00230,4.602738356267062e-17,9.159449328971453e-15,0.7058823529411765,0.18181818181818182,0.28915662650602414,12.0,66.0,17.0,Purine metabolism,
103,PurR,map01130,5.846753540756947e-10,5.817519773053162e-08,0.6470588235294118,0.05913978494623656,0.1083743842364532,11.0,186.0,17.0,,
104,PurR,map01110,1.495340140947939e-08,9.91908960162133e-07,0.6470588235294118,0.043824701195219126,0.08208955223880599,11.0,251.0,17.0,Biosynthesis of secondary metabolites,
105,PurR,map01100,1.3287922291954e-07,6.610741340247115e-06,0.7647058823529411,0.026262626262626262,0.05078125,13.0,495.0,17.0,Metabolic pathways,
106,PurR,map00670,2.802919064766929e-05,0.0011155617877772377,0.17647058823529413,0.2727272727272727,0.21428571428571427,3.0,11.0,17.0,One carbon pool by folate,
107,PurR,map00250,0.00015982485197910248,0.005300857590640233,0.17647058823529413,0.15789473684210525,0.16666666666666669,3.0,19.0,17.0,"Alanine, aspartate and glutamate metabolism",
108,78,map01501,1.947153358449722e-06,0.0003874835183314947,0.23529411764705882,0.23529411764705882,0.23529411764705882,4.0,17.0,17.0,beta-Lactam resistance,
109,FruR,map00051,9.958510521754601e-05,0.019817435938291654,0.6666666666666666,0.11764705882352941,0.2,2.0,17.0,3.0,Fructose and mannose metabolism,
110,LacR,map00052,2.526982639763878e-16,5.028695453130117e-14,1.0,0.35,0.5185185185185185,7.0,20.0,7.0,Galactose metabolism,
111,LacR,map01100,4.513241355976215e-06,0.0004490675149196334,1.0,0.014141414141414142,0.027888446215139442,7.0,495.0,7.0,Metabolic pathways,
112,LacR,map00500,0.0008622693224285378,0.057197198387759676,0.2857142857142857,0.10526315789473684,0.15384615384615385,2.0,19.0,7.0,Starch and sucrose metabolism,
113,LacR,map02060,0.001269796988809798,0.06317240019328745,0.2857142857142857,0.08695652173913043,0.13333333333333333,2.0,23.0,7.0,Phosphotransferase system (PTS),
114,84,map03010,2.3767073010602533e-50,4.729647529109904e-48,0.7619047619047619,0.5517241379310345,0.64,32.0,58.0,42.0,Ribosome,
115,PyrR,map00240,1.0487349401442867e-13,2.0869825308871306e-11,0.8,0.17391304347826086,0.2857142857142857,8.0,46.0,10.0,Pyrimidine metabolism,
116,PyrR,map00250,2.904831357278975e-05,0.0019268714669950534,0.3,0.15789473684210525,0.20689655172413793,3.0,19.0,10.0,"Alanine, aspartate and glutamate metabolism",
117,PyrR,map01100,2.5013661173438613e-05,0.0019268714669950534,0.8,0.01616161616161616,0.031683168316831684,8.0,495.0,10.0,Metabolic pathways,
118,89,map01501,2.1654750145427308e-10,4.309295278940034e-08,0.625,0.29411764705882354,0.4,5.0,17.0,8.0,beta-Lactam resistance,
119,CtsR,map04212,4.9743171724959005e-06,0.0009898891173266843,0.1875,0.42857142857142855,0.26086956521739124,3.0,7.0,16.0,Longevity regulating pathway - worm,
120,CtsR,map05152,8.788979357632438e-05,0.008745034460844275,0.125,0.6666666666666666,0.21052631578947367,2.0,3.0,16.0,Tuberculosis,
121,97,map00053,2.8702903596095183e-07,2.8559389078114706e-05,0.375,0.5,0.42857142857142855,3.0,6.0,8.0,Ascorbate and aldarate metabolism,
122,97,map02060,2.1871744532899097e-07,2.8559389078114706e-05,0.5,0.17391304347826086,0.25806451612903225,4.0,23.0,8.0,Phosphotransferase system (PTS),
123,97,map00051,0.0009133110228193694,0.06058296451368484,0.25,0.11764705882352941,0.15999999999999998,2.0,17.0,8.0,Fructose and mannose metabolism,
124,CodY-3,map00290,2.0626988818348963e-22,4.104770774851444e-20,0.9,0.6923076923076923,0.7826086956521738,9.0,13.0,10.0,"Valine, leucine and isoleucine biosynthesis",
125,CodY-3,map01210,8.308209861210254e-17,8.266668811904202e-15,0.8,0.38095238095238093,0.5161290322580645,8.0,21.0,10.0,2-Oxocarboxylic acid metabolism,
126,CodY-3,map01230,1.0036091767759268e-12,6.657274205946982e-11,0.9,0.08411214953271028,0.15384615384615383,9.0,107.0,10.0,Biosynthesis of amino acids,
127,CodY-3,map00660,3.9812210123081055e-11,1.9806574536232824e-09,0.5,0.5,0.5,5.0,10.0,10.0,C5-Branched dibasic acid metabolism,
128,CodY-3,map01110,2.514411153783601e-09,1.000735639205873e-07,0.9,0.035856573705179286,0.06896551724137932,9.0,251.0,10.0,Biosynthesis of secondary metabolites,
129,CodY-3,map00770,1.3501500299205346e-07,4.47799759923644e-06,0.4,0.25,0.3076923076923077,4.0,16.0,10.0,Pantothenate and CoA biosynthesis,
130,CodY-3,map01100,1.1173985176661549e-06,3.176604357365212e-05,0.9,0.01818181818181818,0.03564356435643565,9.0,495.0,10.0,Metabolic pathways,
131,CodY-3,map01130,0.0002133074229411984,0.00530602214566231,0.5,0.026881720430107527,0.05102040816326531,5.0,186.0,10.0,,
132,CodY-3,map00650,0.0020249227860814735,0.04477329271446814,0.2,0.1,0.13333333333333333,2.0,20.0,10.0,Butanoate metabolism,
133,CodY-3,map00966,0.0034989503149147772,0.06962911126680406,0.1,1.0,0.18181818181818182,1.0,1.0,10.0,Glucosinolate biosynthesis,
134,Rex-2,map00350,0.0002444872281152375,0.01518274236920602,0.25,0.2222222222222222,0.23529411764705882,2.0,9.0,8.0,Tyrosine metabolism,
135,Rex-2,map00625,0.0003051807511398195,0.01518274236920602,0.25,0.2,0.22222222222222224,2.0,10.0,8.0,Chloroalkane and chloroalkene degradation,
136,Rex-2,map00626,0.00010229909110375464,0.01518274236920602,0.25,0.3333333333333333,0.28571428571428575,2.0,6.0,8.0,Naphthalene degradation,
137,Rex-2,map01220,0.0003051807511398195,0.01518274236920602,0.25,0.2,0.22222222222222224,2.0,10.0,8.0,Degradation of aromatic compounds,
138,Rex-2,map00071,0.0009133110228193694,0.0363497787082109,0.25,0.11764705882352941,0.15999999999999998,2.0,17.0,8.0,Fatty acid degradation,
139,111,map00791,7.528265105491612e-06,0.0014981247559928308,0.05263157894736842,1.0,0.1,3.0,3.0,57.0,Atrazine degradation,
140,CodY-4,map01230,1.1188317512844354e-10,2.2264751850560265e-08,0.2537313432835821,0.1588785046728972,0.19540229885057472,17.0,107.0,67.0,Biosynthesis of amino acids,
141,CodY-4,map00400,6.013368095456746e-09,5.983301254979462e-07,0.11940298507462686,0.4,0.1839080459770115,8.0,20.0,67.0,"Phenylalanine, tyrosine and tryptophan biosynthesis",
142,CodY-4,map00270,9.770982263848438e-06,0.0004861063676264598,0.08955223880597014,0.2608695652173913,0.13333333333333333,6.0,23.0,67.0,Cysteine and methionine metabolism,
143,CodY-4,map01110,9.642767140169433e-06,0.0004861063676264598,0.26865671641791045,0.07171314741035857,0.11320754716981134,18.0,251.0,67.0,Biosynthesis of secondary metabolites,
144,CodY-4,map01130,6.867891863470176e-05,0.00273342096166113,0.208955223880597,0.07526881720430108,0.11067193675889328,14.0,186.0,67.0,,
145,CodY-4,map00340,0.0004062884016528248,0.013475231988152023,0.05970149253731343,0.25,0.09638554216867469,4.0,16.0,67.0,Histidine metabolism,
146,CodY-4,map01100,0.0005122437207149854,0.014562357203183158,0.34328358208955223,0.046464646464646465,0.08185053380782918,23.0,495.0,67.0,Metabolic pathways,
147,CodY-4,map00450,0.0006342132971301976,0.015776055766113666,0.04477611940298507,0.375,0.08,3.0,8.0,67.0,Selenocompound metabolism,
148,CodY-4,map00405,0.0016000280317013053,0.035378397589839974,0.029850746268656716,0.6666666666666666,0.05714285714285715,2.0,3.0,67.0,Phenazine biosynthesis,
149,CodY-4,map02025,0.0031515833068252257,0.06271650780582198,0.029850746268656716,0.5,0.056338028169014086,2.0,4.0,67.0,Biofilm formation - Pseudomonas aeruginosa,
150,CodY-4,map00260,0.006053212102694553,0.09266070834124739,0.05970149253731343,0.125,0.0808080808080808,4.0,32.0,67.0,"Glycine, serine and threonine metabolism",
151,CodY-4,map00360,0.005173208003032419,0.09266070834124739,0.029850746268656716,0.4,0.05555555555555556,2.0,5.0,67.0,Phenylalanine metabolism,
152,CodY-4,map02024,0.005729485015366323,0.09266070834124739,0.08955223880597014,0.08450704225352113,0.08695652173913045,6.0,71.0,67.0,Quorum sensing,
153,ArgR,map00220,0.0007579661442702175,0.07541763135488665,0.3333333333333333,0.09523809523809523,0.14814814814814814,2.0,21.0,6.0,Arginine biosynthesis,
154,ArgR,map00250,0.000618358133305793,0.07541763135488665,0.3333333333333333,0.10526315789473684,0.16,2.0,19.0,6.0,"Alanine, aspartate and glutamate metabolism",
155,CodY-5,map00520,1.2499523117672228e-06,0.0002487405100416773,0.25,0.16666666666666666,0.2,5.0,30.0,20.0,Amino sugar and nucleotide sugar metabolism,
156,CodY-5,map05111,3.41114860773151e-05,0.0033940928646928525,0.15,0.3,0.2,3.0,10.0,20.0,Biofilm formation - Vibrio cholerae,
157,HisR,map00340,1.9279151049036727e-17,3.836551058758309e-15,0.7272727272727273,0.5,0.5925925925925926,8.0,16.0,11.0,Histidine metabolism,
158,HisR,map01230,4.4777071330920465e-10,4.4553185974265864e-08,0.7272727272727273,0.07476635514018691,0.13559322033898302,8.0,107.0,11.0,Biosynthesis of amino acids,
159,HisR,map01110,4.1599373024985263e-07,2.7594250773240227e-05,0.7272727272727273,0.03187250996015936,0.06106870229007634,8.0,251.0,11.0,Biosynthesis of secondary metabolites,
160,HisR,map01100,7.7840511482584e-05,0.003872565446258554,0.7272727272727273,0.01616161616161616,0.03162055335968379,8.0,495.0,11.0,Metabolic pathways,
161,119,map00190,4.0301232710402275e-25,8.019945309370053e-23,0.8571428571428571,0.5,0.631578947368421,12.0,24.0,14.0,Oxidative phosphorylation,
162,119,map00195,2.746860449168593e-20,2.73312614692275e-18,0.5714285714285714,1.0,0.7272727272727273,8.0,8.0,14.0,Photosynthesis,
163,119,map01100,1.3052761714234608e-09,8.658331937108956e-08,0.9285714285714286,0.026262626262626262,0.05108055009823183,13.0,495.0,14.0,Metabolic pathways,
164,TPP,map00730,6.203291223970669e-09,1.234454953570163e-06,0.5714285714285714,0.3333333333333333,0.4210526315789474,4.0,12.0,7.0,Thiamine metabolism,
165,122,map02020,0.0001001448543660784,0.0199288260188496,0.4,0.05063291139240506,0.0898876404494382,4.0,79.0,10.0,Two-component system,
166,122,map02010,0.00036484696715496326,0.03630227323191884,0.4,0.03636363636363636,0.06666666666666667,4.0,110.0,10.0,ABC transporters,
167,125,map01503,1.9493434858841202e-14,3.879193536909399e-12,0.7,0.3684210526315789,0.48275862068965514,7.0,19.0,10.0,Cationic antimicrobial peptide (CAMP) resistance,
168,125,map05150,1.6314195915417484e-12,1.6232624935840397e-10,0.7,0.21212121212121213,0.3255813953488372,7.0,33.0,10.0,Staphylococcus aureus infection,
169,125,map02020,1.0603985855759092e-09,7.033977284320198e-08,0.7,0.08860759493670886,0.15730337078651685,7.0,79.0,10.0,Two-component system,
170,125,map00473,0.00016410208633945193,0.008164078795387733,0.2,0.3333333333333333,0.25,2.0,6.0,10.0,,
171,WalR-5,map05150,2.6217293982506357e-11,5.217241502518765e-09,0.28125,0.2727272727272727,0.2769230769230769,9.0,33.0,32.0,Staphylococcus aureus infection,
172,132,map00190,0.000233509309576892,0.024294594139915127,0.10526315789473684,0.16666666666666666,0.12903225806451615,4.0,24.0,38.0,Oxidative phosphorylation,
173,132,map01220,0.0002441667752755289,0.024294594139915127,0.07894736842105263,0.3,0.125,3.0,10.0,38.0,Degradation of aromatic compounds,
174,132,map04714,0.001015867658248497,0.06738588799715031,0.05263157894736842,0.5,0.09523809523809525,2.0,4.0,38.0,Thermogenesis,
175,140,map00790,0.00025121074763778564,0.04999093877991934,0.17647058823529413,0.13636363636363635,0.15384615384615383,3.0,22.0,17.0,Folate biosynthesis,
176,CcpA-6,map01200,1.1942191866481175e-12,2.376496181429754e-10,0.41935483870967744,0.14772727272727273,0.2184873949579832,13.0,88.0,31.0,Carbon metabolism,
177,CcpA-6,map01100,3.914891637345576e-12,3.895317179158848e-10,0.7419354838709677,0.046464646464646465,0.08745247148288973,23.0,495.0,31.0,Metabolic pathways,
178,CcpA-6,map00020,3.1753288434045176e-11,2.106301466124997e-09,0.25806451612903225,0.34782608695652173,0.2962962962962963,8.0,23.0,31.0,Citrate cycle (TCA cycle),
179,CcpA-6,map01130,1.5091951229514233e-09,7.508245736683331e-08,0.45161290322580644,0.07526881720430108,0.12903225806451613,14.0,186.0,31.0,,
180,CcpA-6,map00720,6.563991051132743e-09,2.612468438350832e-07,0.22580645161290322,0.25925925925925924,0.24137931034482757,7.0,27.0,31.0,Carbon fixation pathways in prokaryotes,
181,CcpA-6,map01110,7.765200233741672e-08,2.5754580775243215e-06,0.45161290322580644,0.055776892430278883,0.09929078014184396,14.0,251.0,31.0,Biosynthesis of secondary metabolites,
182,CcpA-6,map01120,2.4256760866864457e-07,6.895850589294324e-06,0.3548387096774194,0.0718954248366013,0.11956521739130435,11.0,153.0,31.0,Microbial metabolism in diverse environments,
183,CcpA-6,map00330,5.283417327047467e-06,0.00013142500601030573,0.12903225806451613,0.3333333333333333,0.18604651162790697,4.0,12.0,31.0,Arginine and proline metabolism,
184,CcpA-6,map00310,0.00013179602062891543,0.002855185640015565,0.0967741935483871,0.3,0.14634146341463414,3.0,10.0,31.0,Lysine degradation,
185,CcpA-6,map00630,0.00014347666532741533,0.002855185640015565,0.12903225806451613,0.15384615384615385,0.14035087719298245,4.0,26.0,31.0,Glyoxylate and dicarboxylate metabolism,
186,CcpA-6,map00670,0.00017988860318119752,0.003254348366641664,0.0967741935483871,0.2727272727272727,0.14285714285714285,3.0,11.0,31.0,One carbon pool by folate,
187,CcpA-6,map00561,0.0008449302435444593,0.014011759872112284,0.0967741935483871,0.16666666666666666,0.12244897959183673,3.0,18.0,31.0,Glycerolipid metabolism,
188,CcpA-6,map00250,0.0009959992546531237,0.015246450128920893,0.0967741935483871,0.15789473684210525,0.12000000000000001,3.0,19.0,31.0,"Alanine, aspartate and glutamate metabolism",
189,CcpA-6,map00430,0.0016626952536307137,0.023634025390893716,0.06451612903225806,0.3333333333333333,0.1081081081081081,2.0,6.0,31.0,Taurine and hypotaurine metabolism,
190,CcpA-6,map00380,0.004854819300311643,0.0568299435742363,0.06451612903225806,0.2,0.0975609756097561,2.0,10.0,31.0,Tryptophan metabolism,
191,CcpA-6,map00660,0.004854819300311643,0.0568299435742363,0.06451612903225806,0.2,0.0975609756097561,2.0,10.0,31.0,C5-Branched dibasic acid metabolism,
192,CcpA-6,map00260,0.0046338963583300655,0.0568299435742363,0.0967741935483871,0.09375,0.09523809523809523,3.0,32.0,31.0,"Glycine, serine and threonine metabolism",
0,Purine,M00050,3.663798098982937e-05,0.00934268515240649,0.3333333333333333,0.4,0.3636363636363636,2.0,5.0,6.0,,"Guanine ribonucleotide biosynthesis, IMP => GDP,GTP"
1,Fur-1,M00240,8.913175877050967e-27,2.2728598486479966e-24,0.36363636363636365,0.7619047619047619,0.4923076923076923,16.0,21.0,44.0,,
2,8,M00178,6.533546967499962e-08,1.6660544767124904e-05,0.21951219512195122,0.15517241379310345,0.18181818181818182,9.0,58.0,41.0,,
3,YtrA,M00254,1.4309918872589819e-06,0.0003649029312510404,0.6,0.1875,0.2857142857142857,3.0,16.0,5.0,,
4,WalR-1,M00817,4.035546321022764e-05,0.010290643118608047,0.030303030303030304,1.0,0.05882352941176471,3.0,3.0,99.0,,
5,CodY-1,M00018,8.101581995925406e-11,2.0659034089609787e-08,0.6666666666666666,0.6666666666666666,0.6666666666666666,4.0,6.0,6.0,,"Threonine biosynthesis, aspartate => homoserine => threonine"
6,CodY-1,M00017,0.00010229909110373181,0.013043134115725805,0.3333333333333333,0.25,0.28571428571428575,2.0,8.0,6.0,,"Methionine biosynthesis, aspartate => homoserine => methionine"
7,CodY-2,M00439,5.755683005347559e-11,1.4676991663636275e-08,0.3125,0.7142857142857143,0.43478260869565216,5.0,7.0,16.0,,
8,CodY-2,M00525,6.840417287917322e-10,8.721532042094586e-08,0.3125,0.5,0.38461538461538464,5.0,10.0,16.0,,"Lysine biosynthesis, acetyl-DAP pathway, aspartate => lysine"
9,CodY-2,M00016,1.250042970068157e-09,1.0625365245579334e-07,0.3125,0.45454545454545453,0.3703703703703703,5.0,11.0,16.0,,"Lysine biosynthesis, succinyl-DAP pathway, aspartate => lysine"
10,CodY-2,M00018,9.774854215896608e-09,6.231469562634087e-07,0.25,0.6666666666666666,0.36363636363636365,4.0,6.0,16.0,,"Threonine biosynthesis, aspartate => homoserine => threonine"
11,CodY-2,M00526,2.273125073031567e-08,9.66078156038416e-07,0.25,0.5714285714285714,0.34782608695652173,4.0,7.0,16.0,,"Lysine biosynthesis, DAP dehydrogenase pathway, aspartate => lysine"
12,CodY-2,M00527,2.273125073031567e-08,9.66078156038416e-07,0.25,0.5714285714285714,0.34782608695652173,4.0,7.0,16.0,,"Lysine biosynthesis, DAP aminotransferase pathway, aspartate => lysine"
13,CodY-2,M00238,2.8522089203010463e-06,0.00010390189638239525,0.1875,0.5,0.2727272727272727,3.0,6.0,16.0,,
14,CodY-2,M00017,7.931721770015624e-06,0.000252823631419248,0.1875,0.375,0.25,3.0,8.0,16.0,,"Methionine biosynthesis, aspartate => homoserine => methionine"
15,CodY-2,M00033,8.788979357632438e-05,0.0024902108179958573,0.125,0.6666666666666666,0.21052631578947367,2.0,3.0,16.0,,"Ectoine biosynthesis, aspartate => ectoine"
16,17,M00178,5.285963331307113e-28,1.347920649483314e-25,0.7037037037037037,0.3275862068965517,0.4470588235294118,19.0,58.0,27.0,,
17,17,M00179,1.8512798982820384e-10,2.360381870309599e-08,0.2962962962962963,0.25,0.2711864406779661,8.0,32.0,27.0,,
18,VraS2-1,M00480,0.000172191954594227,0.014636316140509295,0.05263157894736842,1.0,0.1,2.0,2.0,38.0,,
19,VraS2-1,M00481,0.000172191954594227,0.014636316140509295,0.05263157894736842,1.0,0.1,2.0,2.0,38.0,,
20,VraS2-1,M00754,0.000172191954594227,0.014636316140509295,0.05263157894736842,1.0,0.1,2.0,2.0,38.0,,
21,MntR,M00792,2.572886228807796e-09,6.560859883459879e-07,0.6,1.0,0.7499999999999999,3.0,3.0,5.0,,
22,MntR,M00318,2.44938768981832e-06,0.00020819795363455723,0.4,1.0,0.5714285714285715,2.0,2.0,5.0,,
23,MntR,M00791,2.44938768981832e-06,0.00020819795363455723,0.4,1.0,0.5714285714285715,2.0,2.0,5.0,,
24,CymR,M00188,5.917638326257937e-07,7.54498886597887e-05,0.12,1.0,0.21428571428571425,3.0,3.0,25.0,,
25,CymR,M00234,5.917638326257937e-07,7.54498886597887e-05,0.12,1.0,0.21428571428571425,3.0,3.0,25.0,,
26,CymR,M00238,1.1631282137417347e-05,0.0009886589816804744,0.12,0.5,0.1935483870967742,3.0,6.0,25.0,,
27,CymR,M00239,2.468459613157658e-05,0.001573643003388007,0.16,0.19047619047619047,0.17391304347826086,4.0,21.0,25.0,,
28,CymR,M00021,0.00021926136441840097,0.011182329585338449,0.08,0.6666666666666666,0.14285714285714285,2.0,3.0,25.0,,"Cysteine biosynthesis, serine => cysteine"
29,CymR,M00609,0.0007230492961043572,0.030729595084435183,0.08,0.4,0.13333333333333333,2.0,5.0,25.0,,"Cysteine biosynthesis, methionine => cysteine"
30,BirA,M00577,4.76875030364179e-13,1.2160313274286565e-10,0.5555555555555556,0.8333333333333334,0.6666666666666667,5.0,6.0,9.0,,"Biotin biosynthesis, BioW pathway, pimelate => pimeloyl-CoA => biotin"
31,BirA,M00123,2.2678060098500776e-10,1.927635108372566e-08,0.4444444444444444,0.8,0.5714285714285714,4.0,5.0,9.0,,"Biotin biosynthesis, pimeloyl-ACP/CoA => biotin"
32,BirA,M00573,2.2678060098500776e-10,1.927635108372566e-08,0.4444444444444444,0.8,0.5714285714285714,4.0,5.0,9.0,,"Biotin biosynthesis, BioI pathway, long-chain-acyl-ACP => pimeloyl-ACP => biotin"
33,30,M00222,2.5233209949822434e-11,6.434468537204721e-09,0.5,1.0,0.6666666666666666,4.0,4.0,8.0,,
34,CggR,M00002,4.440435171580811e-12,1.1323109687531067e-09,0.625,0.5555555555555556,0.5882352941176471,5.0,9.0,8.0,,"Glycolysis, core module involving three-carbon compounds"
35,CggR,M00003,2.783789652131912e-11,3.549331806468188e-09,0.625,0.4166666666666667,0.5,5.0,12.0,8.0,,"Gluconeogenesis, oxaloacetate => fructose-6P"
36,CggR,M00001,7.024449244045138e-11,5.970781857438368e-09,0.625,0.35714285714285715,0.45454545454545453,5.0,14.0,8.0,,"Glycolysis (Embden-Meyerhof pathway), glucose => pyruvate"
37,CggR,M00166,2.054604026880402e-05,0.0008732067114241709,0.25,0.6666666666666666,0.36363636363636365,2.0,3.0,8.0,,"Reductive pentose phosphate cycle, ribulose-5P => glyceraldehyde-3P"
38,CggR,M00308,2.054604026880402e-05,0.0008732067114241709,0.25,0.6666666666666666,0.36363636363636365,2.0,3.0,8.0,,"Semi-phosphorylative Entner-Doudoroff pathway, gluconate => glycerate-3P"
39,CggR,M00552,2.054604026880402e-05,0.0008732067114241709,0.25,0.6666666666666666,0.36363636363636365,2.0,3.0,8.0,,"D-galactonate degradation, De Ley-Doudoroff pathway, D-galactonate => glycerate-3P"
40,CggR,M00165,0.00019042357169798548,0.006936858683283757,0.25,0.25,0.25,2.0,8.0,8.0,,Reductive pentose phosphate cycle (Calvin cycle)
41,AgrA,M00495,6.858285531491279e-06,0.0017488628105302763,0.25,1.0,0.4,2.0,2.0,8.0,,
42,HutR,M00045,8.631271795424325e-08,2.200974307833203e-05,0.3333333333333333,0.75,0.46153846153846156,3.0,4.0,9.0,,"Histidine degradation, histidine => N-formiminoglutamate => glutamate"
43,HutR,M00555,8.817795683345967e-06,0.0011242689496266107,0.2222222222222222,1.0,0.3636363636363636,2.0,2.0,9.0,,"Betaine biosynthesis, choline => betaine"
44,CcpA-2,M00087,5.143714148618465e-06,0.0013116471078977085,0.2857142857142857,1.0,0.4444444444444445,2.0,2.0,7.0,,beta-Oxidation
45,Zur,M00440,2.125018224047633e-11,5.418796471321465e-09,0.21739130434782608,1.0,0.3571428571428571,5.0,5.0,23.0,,
46,CcpA-3,M00010,4.245262277532853e-08,5.412709403854388e-06,0.2727272727272727,1.0,0.42857142857142855,3.0,3.0,11.0,,"Citrate cycle, first carbon oxidation, oxaloacetate => 2-oxoglutarate"
47,CcpA-3,M00740,4.245262277532853e-08,5.412709403854388e-06,0.2727272727272727,1.0,0.42857142857142855,3.0,3.0,11.0,,Methylaspartate cycle
48,CcpA-3,M00173,6.887721704096367e-06,0.0005854563448481912,0.2727272727272727,0.2727272727272727,0.2727272727272727,3.0,11.0,11.0,,Reductive citrate cycle (Arnon-Buchanan cycle)
49,CcpA-3,M00012,1.3471632294000714e-05,0.0008588165587425455,0.18181818181818182,1.0,0.3076923076923077,2.0,2.0,11.0,,Glyoxylate cycle
50,CcpA-3,M00009,2.8029190647713998e-05,0.001429488723033414,0.2727272727272727,0.17647058823529413,0.21428571428571427,3.0,17.0,11.0,,"Citrate cycle (TCA cycle, Krebs cycle)"
51,CcpA-3,M00082,0.00037247592609211834,0.01583022685891503,0.18181818181818182,0.25,0.2105263157894737,2.0,8.0,11.0,,"Fatty acid biosynthesis, initiation"
52,CcpA-3,M00376,0.0005961094729456532,0.021715416514448794,0.18181818181818182,0.2,0.1904761904761905,2.0,10.0,11.0,,3-Hydroxypropionate bi-cycle
53,FMN,M00125,8.101581995925406e-11,2.0659034089609787e-08,0.6666666666666666,0.6666666666666666,0.6666666666666666,4.0,6.0,6.0,,"Riboflavin biosynthesis, plants and bacteria, GTP => riboflavin/FMN/FAD"
54,56,M00335,0.0002799450605322654,0.07138599043572767,0.2857142857142857,0.18181818181818182,0.2222222222222222,2.0,11.0,7.0,,
55,Genomic Island 1-2,M00239,4.588988780241144e-05,0.011701921389614917,0.08620689655172414,0.23809523809523808,0.12658227848101267,5.0,21.0,58.0,,
56,Genomic Island 1-2,M00625,0.0004048837851269678,0.051622682603688394,0.034482758620689655,1.0,0.06666666666666667,2.0,2.0,58.0,,Methicillin resistance
57,63,M00242,0.0002760748089687117,0.07039907628702148,0.07142857142857142,0.6666666666666666,0.12903225806451613,2.0,3.0,28.0,,
58,NreC,M00530,8.127725799724566e-13,2.0725700789297642e-10,0.38461538461538464,1.0,0.5555555555555556,5.0,5.0,13.0,,"Dissimilatory nitrate reduction, nitrate => ammonia"
59,NreC,M00529,7.35845461439034e-08,9.382029633347684e-06,0.23076923076923078,1.0,0.375,3.0,3.0,13.0,,"Denitrification, nitrate => nitrogen"
60,NreC,M00483,1.910522398058293e-05,0.0012179580287621618,0.15384615384615385,1.0,0.2666666666666667,2.0,2.0,13.0,,
61,NreC,M00804,1.910522398058293e-05,0.0012179580287621618,0.15384615384615385,1.0,0.2666666666666667,2.0,2.0,13.0,,"Complete nitrification, comammox, ammonia => nitrite => nitrate"
62,66,M00209,5.787940131610548e-06,0.0014759247335606898,0.15,0.5,0.23076923076923075,3.0,6.0,20.0,,
63,CcpA-4,M00491,1.1679966245311942e-06,0.00029783913925545454,0.15,0.75,0.24999999999999997,3.0,4.0,20.0,,
64,CcpA-4,M00207,4.653836610654799e-05,0.005933641678584869,0.1,1.0,0.18181818181818182,2.0,2.0,20.0,,
65,69,M00239,5.331128263671575e-08,1.3594377072362516e-05,0.3125,0.23809523809523808,0.27027027027027023,5.0,21.0,16.0,,
66,LexA,M00729,8.597350791262291e-05,0.021923244517718845,0.07407407407407407,1.0,0.13793103448275862,2.0,2.0,27.0,,
67,71,M00454,1.1022244604182407e-05,0.002810672374066514,0.2,1.0,0.33333333333333337,2.0,2.0,10.0,,
68,CcpA-5,M00491,3.923511815097884e-07,0.00010004955128499605,0.0547945205479452,1.0,0.10389610389610389,4.0,4.0,73.0,,
69,CcpA-5,M00207,0.0006436990848842519,0.08207163332274213,0.0273972602739726,1.0,0.05333333333333332,2.0,2.0,73.0,,
70,PurR,M00048,4.846402333141229e-27,1.2358325949510135e-24,0.6470588235294118,1.0,0.7857142857142858,11.0,11.0,17.0,,"Inosine monophosphate biosynthesis, PRPP + glutamine => IMP"
71,PurR,M00049,0.00032963045384932864,0.0420278828657894,0.11764705882352941,0.4,0.1818181818181818,2.0,5.0,17.0,,"Adenine ribonucleotide biosynthesis, IMP => ADP,ATP"
72,78,M00627,6.972512668214206e-07,0.00017779907303946225,0.17647058823529413,0.75,0.2857142857142857,3.0,4.0,17.0,,"beta-Lactam resistance, Bla system"
73,LacR,M00281,5.143714148618465e-06,0.0013116471078977085,0.2857142857142857,1.0,0.4444444444444445,2.0,2.0,7.0,,
74,84,M00178,2.3767073010602533e-50,6.060603617703646e-48,0.7619047619047619,0.5517241379310345,0.64,32.0,58.0,42.0,,
75,84,M00179,9.161520422448967e-47,1.1680938538622433e-44,0.6190476190476191,0.8125,0.7027027027027026,26.0,32.0,42.0,,
76,PyrR,M00051,3.911737832461055e-19,9.974931472775691e-17,0.7,1.0,0.8235294117647058,7.0,7.0,10.0,,"Uridine monophosphate biosynthesis, glutamine (+ PRPP) => UMP"
77,89,M00627,2.5233209949822434e-11,6.434468537204721e-09,0.5,1.0,0.6666666666666666,4.0,4.0,8.0,,"beta-Lactam resistance, Bla system"
78,89,M00625,6.858285531491279e-06,0.0008744314052651381,0.25,1.0,0.4,2.0,2.0,8.0,,Methicillin resistance
79,92,M00747,0.00010654836450709654,0.02716983294930962,0.06666666666666667,1.0,0.125,2.0,2.0,30.0,,
80,92,M00627,0.0006309630889811071,0.08044779384509115,0.06666666666666667,0.5,0.11764705882352941,2.0,4.0,30.0,,"beta-Lactam resistance, Bla system"
81,97,M00283,1.4408162881323699e-08,1.8370407673687716e-06,0.375,1.0,0.5454545454545454,3.0,3.0,8.0,,
82,97,M00550,1.4408162881323699e-08,1.8370407673687716e-06,0.375,1.0,0.5454545454545454,3.0,3.0,8.0,,"Ascorbate degradation, ascorbate => D-xylulose-5P"
83,IcaR,M00705,8.817795683345967e-06,0.0022485378992532215,0.2222222222222222,1.0,0.3636363636363636,2.0,2.0,9.0,,"Multidrug resistance, efflux pump MepA"
84,CodY-3,M00570,8.87307971743667e-12,2.262635327946351e-09,0.5,0.625,0.5555555555555556,5.0,8.0,10.0,,"Isoleucine biosynthesis, threonine => 2-oxobutanoate => isoleucine"
85,CodY-3,M00432,3.778615721213428e-10,4.817735044547121e-08,0.4,0.8,0.5333333333333333,4.0,5.0,10.0,,"Leucine biosynthesis, 2-oxoisovalerate => 2-oxoisocaproate"
86,CodY-3,M00019,1.1316777740608976e-09,9.61926107951763e-08,0.4,0.6666666666666666,0.5,4.0,6.0,10.0,,"Valine/isoleucine biosynthesis, pyruvate => valine / 2-oxobutanoate => isoleucine"
87,CodY-3,M00535,3.0874634745693594e-08,1.9682579650379667e-06,0.3,1.0,0.4615384615384615,3.0,3.0,10.0,,"Isoleucine biosynthesis, pyruvate => 2-oxobutanoate"
88,CodY-3,M00582,0.0008422363468759624,0.042954053690674086,0.2,0.15384615384615385,0.17391304347826086,2.0,13.0,10.0,,
89,Fur-3,M00240,6.885370245027401e-07,0.00017557694124819873,0.36363636363636365,0.19047619047619047,0.25,4.0,21.0,11.0,,
90,111,M00223,1.4239100374684748e-07,3.6309705955446106e-05,0.07017543859649122,1.0,0.13114754098360656,4.0,4.0,57.0,,
91,111,M00717,7.528265105491612e-06,0.0009598538009501806,0.05263157894736842,1.0,0.1,3.0,3.0,57.0,,
92,111,M00716,0.0003909222752950026,0.03322839340007522,0.03508771929824561,1.0,0.06779661016949151,2.0,2.0,57.0,,
93,CodY-4,M00023,2.2261282533734884e-11,5.676627046102396e-09,0.1044776119402985,0.875,0.18666666666666668,7.0,8.0,67.0,,"Tryptophan biosynthesis, chorismate => tryptophan"
94,CodY-4,M00017,1.801122470572236e-05,0.002296431149979601,0.05970149253731343,0.5,0.10666666666666667,4.0,8.0,67.0,,"Methionine biosynthesis, aspartate => homoserine => methionine"
95,CodY-4,M00026,3.184874492847756e-05,0.002707143318920593,0.05970149253731343,0.4444444444444444,0.10526315789473685,4.0,9.0,67.0,,"Histidine biosynthesis, PRPP => histidine"
96,CodY-4,M00582,0.00016833382598039002,0.010731281406249864,0.05970149253731343,0.3076923076923077,0.09999999999999999,4.0,13.0,67.0,,
97,CodY-4,M00238,0.00023429313002754716,0.011948949631404906,0.04477611940298507,0.5,0.0821917808219178,3.0,6.0,67.0,,
98,CodY-4,M00239,0.001222931138675226,0.051974573393697106,0.05970149253731343,0.19047619047619047,0.09090909090909091,4.0,21.0,67.0,,
99,115,M00717,6.689504194900287e-07,0.00017058235696995732,0.11538461538461539,1.0,0.20689655172413793,3.0,3.0,26.0,,
100,115,M00716,7.960509991909517e-05,0.010149650239684635,0.07692307692307693,1.0,0.14285714285714288,2.0,2.0,26.0,,
101,115,M00223,0.0004722951634405026,0.04014508889244272,0.07692307692307693,0.5,0.13333333333333336,2.0,4.0,26.0,,
102,ArgR,M00029,5.490563535220762e-05,0.003500234253703236,0.3333333333333333,0.3333333333333333,0.3333333333333333,2.0,6.0,6.0,,Urea cycle
103,ArgR,M00236,5.490563535220762e-05,0.003500234253703236,0.3333333333333333,0.3333333333333333,0.3333333333333333,2.0,6.0,6.0,,
104,ArgR,M00844,3.663798098982937e-05,0.003500234253703236,0.3333333333333333,0.4,0.3636363636363636,2.0,5.0,6.0,,"Arginine biosynthesis, ornithine => arginine"
105,ArgR,M00845,2.2003339250189185e-05,0.003500234253703236,0.3333333333333333,0.5,0.4,2.0,4.0,6.0,,"Arginine biosynthesis, glutamate => acetylcitrulline => arginine"
106,CodY-5,M00362,1.2007605533520213e-07,3.0619394110476546e-05,0.2,0.5,0.28571428571428575,4.0,8.0,20.0,,
107,HisR,M00026,1.3570666256100163e-20,3.4605198953055416e-18,0.7272727272727273,0.8888888888888888,0.7999999999999999,8.0,9.0,11.0,,"Histidine biosynthesis, PRPP => histidine"
108,119,M00157,2.746860449168593e-20,7.004494145379913e-18,0.5714285714285714,1.0,0.7272727272727273,8.0,8.0,14.0,,"F-type ATPase, prokaryotes and chloroplasts"
109,119,M00416,3.6083490228245967e-10,4.6006450041013606e-08,0.2857142857142857,1.0,0.4444444444444445,4.0,4.0,14.0,,Cytochrome aa3-600 menaquinol oxidase
110,TPP,M00127,9.005101800827286e-09,2.296300959210958e-06,0.42857142857142855,1.0,0.6,3.0,3.0,7.0,,"Thiamine biosynthesis, prokaryotes, AIR (+ DXP/tyrosine) => TMP/TPP"
111,TPP,M00582,2.5484987472607303e-06,0.0003249335902757431,0.42857142857142855,0.23076923076923078,0.3,3.0,13.0,7.0,,
112,122,M00737,1.5737089599081197e-08,4.0129578477657055e-06,0.4,0.4,0.4000000000000001,4.0,10.0,10.0,,
113,122,M00258,3.657505443839922e-06,0.0004663319440895901,0.3,0.3,0.3,3.0,10.0,10.0,,
114,122,M00731,1.1022244604182407e-05,0.0009368907913555047,0.2,1.0,0.33333333333333337,2.0,2.0,10.0,,
115,122,M00314,6.588669764657161e-05,0.0033602215799751526,0.2,0.5,0.28571428571428575,2.0,4.0,10.0,,
116,122,M00732,6.588669764657161e-05,0.0033602215799751526,0.2,0.5,0.28571428571428575,2.0,4.0,10.0,,
117,122,M00738,0.00016410208633945193,0.006974338669426707,0.2,0.3333333333333333,0.25,2.0,6.0,10.0,,
118,122,M00730,0.0003051807511398056,0.011117298791521488,0.2,0.25,0.22222222222222224,2.0,8.0,10.0,,"Cationic antimicrobial peptide (CAMP) resistance, VraFG transporter"
119,125,M00725,5.2634038018124936e-09,1.3421679694621859e-06,0.4,0.5,0.4444444444444445,4.0,8.0,10.0,,"Cationic antimicrobial peptide (CAMP) resistance, dltABCD operon"
120,125,M00314,6.588669764657161e-05,0.0056003692999585875,0.2,0.5,0.28571428571428575,2.0,4.0,10.0,,
121,125,M00732,6.588669764657161e-05,0.0056003692999585875,0.2,0.5,0.28571428571428575,2.0,4.0,10.0,,
122,125,M00738,0.00016410208633945193,0.010461508004140061,0.2,0.3333333333333333,0.25,2.0,6.0,10.0,,
123,125,M00730,0.0003051807511398056,0.015564218308130085,0.2,0.25,0.22222222222222224,2.0,8.0,10.0,,"Cationic antimicrobial peptide (CAMP) resistance, VraFG transporter"
124,125,M00737,0.0004886386254939504,0.020767141583492892,0.2,0.2,0.20000000000000004,2.0,10.0,10.0,,
125,HssR,M00257,2.203934343585689e-06,0.0005620032576143507,0.6666666666666666,0.6666666666666666,0.6666666666666666,2.0,3.0,3.0,,
126,HssR,M00258,3.300498454312211e-05,0.004208135529248069,0.6666666666666666,0.2,0.30769230769230765,2.0,10.0,3.0,,
127,WalR-5,M00468,0.00012148962941498892,0.030979855500822176,0.0625,1.0,0.11764705882352941,2.0,2.0,32.0,,
128,132,M00153,0.000172191954594227,0.021954474210763943,0.05263157894736842,1.0,0.1,2.0,2.0,38.0,,Cytochrome bd ubiquinol oxidase
129,132,M00154,0.000172191954594227,0.021954474210763943,0.05263157894736842,1.0,0.1,2.0,2.0,38.0,,Cytochrome c oxidase
130,138,M00254,8.1284704019901e-07,0.00020727599525074755,0.14285714285714285,0.3125,0.196078431372549,5.0,16.0,35.0,,
131,CcpA-6,M00009,1.6440230116071555e-12,4.1922586795982464e-10,0.25806451612903225,0.47058823529411764,0.3333333333333333,8.0,17.0,31.0,,"Citrate cycle (TCA cycle, Krebs cycle)"
132,CcpA-6,M00011,2.7645346369894573e-09,3.5247816621615583e-07,0.1935483870967742,0.42857142857142855,0.26666666666666666,6.0,14.0,31.0,,"Citrate cycle, second carbon oxidation, 2-oxoglutarate => oxaloacetate"
133,CcpA-6,M00173,4.735712436282642e-08,4.025355570840246e-06,0.16129032258064516,0.45454545454545453,0.23809523809523805,5.0,11.0,31.0,,Reductive citrate cycle (Arnon-Buchanan cycle)
134,CcpA-6,M00374,7.701995081368833e-07,4.9100218643726314e-05,0.12903225806451613,0.5,0.20512820512820512,4.0,8.0,31.0,,Dicarboxylate-hydroxybutyrate cycle
135,CcpA-6,M00010,0.00033937655800999104,0.008654102229254772,0.06451612903225806,0.6666666666666666,0.1176470588235294,2.0,3.0,31.0,,"Citrate cycle, first carbon oxidation, oxaloacetate => 2-oxoglutarate"
136,CcpA-6,M00032,0.00033937655800999104,0.008654102229254772,0.06451612903225806,0.6666666666666666,0.1176470588235294,2.0,3.0,31.0,,"Lysine degradation, lysine => saccharopine => acetoacetyl-CoA"
137,CcpA-6,M00140,0.00033937655800999104,0.008654102229254772,0.06451612903225806,0.6666666666666666,0.1176470588235294,2.0,3.0,31.0,,"C1-unit interconversion, prokaryotes"
138,CcpA-6,M00149,0.00033937655800999104,0.008654102229254772,0.06451612903225806,0.6666666666666666,0.1176470588235294,2.0,3.0,31.0,,"Succinate dehydrogenase, prokaryotes"
139,CcpA-6,M00377,0.00033937655800999104,0.008654102229254772,0.06451612903225806,0.6666666666666666,0.1176470588235294,2.0,3.0,31.0,,Reductive acetyl-CoA pathway (Wood-Ljungdahl pathway)
140,CcpA-6,M00740,0.00033937655800999104,0.008654102229254772,0.06451612903225806,0.6666666666666666,0.1176470588235294,2.0,3.0,31.0,,Methylaspartate cycle
141,CcpA-6,M00620,0.0006741610935663068,0.01562827989630984,0.06451612903225806,0.5,0.1142857142857143,2.0,4.0,31.0,,"Incomplete reductive citrate cycle, acetyl-CoA => oxoglutarate"
142,MalR,M00491,1.7843484178803017e-10,4.5500884655947695e-08,0.3333333333333333,1.0,0.5,4.0,4.0,12.0,,
143,MalR,M00207,1.6165958752800917e-05,0.002061159740982117,0.16666666666666666,1.0,0.2857142857142857,2.0,2.0,12.0,,
144,MalR,M00194,0.004198740377897749,0.08235990741260969,0.08333333333333333,1.0,0.15384615384615385,1.0,1.0,12.0,,
145,MalR,M00196,0.004198740377897749,0.08235990741260969,0.08333333333333333,1.0,0.15384615384615385,1.0,1.0,12.0,,
146,MalR,M00197,0.004198740377897749,0.08235990741260969,0.08333333333333333,1.0,0.15384615384615385,1.0,1.0,12.0,,
147,MalR,M00200,0.004198740377897749,0.08235990741260969,0.08333333333333333,1.0,0.15384615384615385,1.0,1.0,12.0,,
148,MalR,M00201,0.004198740377897749,0.08235990741260969,0.08333333333333333,1.0,0.15384615384615385,1.0,1.0,12.0,,
149,MalR,M00206,0.004198740377897749,0.08235990741260969,0.08333333333333333,1.0,0.15384615384615385,1.0,1.0,12.0,,
150,MalR,M00271,0.004198740377897749,0.08235990741260969,0.08333333333333333,1.0,0.15384615384615385,1.0,1.0,12.0,,
151,MalR,M00599,0.004198740377897749,0.08235990741260969,0.08333333333333333,1.0,0.15384615384615385,1.0,1.0,12.0,,
152,MalR,M00602,0.004198740377897749,0.08235990741260969,0.08333333333333333,1.0,0.15384615384615385,1.0,1.0,12.0,,
153,MalR,M00605,0.004198740377897749,0.08235990741260969,0.08333333333333333,1.0,0.15384615384615385,1.0,1.0,12.0,,
154,MalR,M00606,0.004198740377897749,0.08235990741260969,0.08333333333333333,1.0,0.15384615384615385,1.0,1.0,12.0,,
